1|admin|admin|Anja|Guzina|anjaguzina15@gmail.com|Admin
2|aco|aco123|Aleksandar|Milovic|aco@gmail.com|Standard
3|miki|miki123|Milos|Milosic|milos@gmail.com|Standard
4|anjica|anja123|Anja|Guzina|anja@gmail.com|Standard
5|novi|novi|neko|nesto|neko@gmail.com|Standard
